{
	"info": {
		"_postman_id": "62da67db-db85-4261-b2ed-b46d36e57700",
		"name": "Practical",
		"schema": "https://schema.getpostman.com/json/collection/v2.1.0/collection.json"
	},
	"item": [
		{
			"name": "signup",
			"request": {
				"method": "POST",
				"header": [],
				"body": {
					"mode": "raw",
					"raw": "{\r\n    \"username\": \"user1\",\r\n    \"mobile\": \"7897897891\",\r\n    \"password\": \"123456\"\r\n}",
					"options": {
						"raw": {
							"language": "json"
						}
					}
				},
				"url": {
					"raw": "{{url}}api/auth/signup",
					"host": [
						"{{url}}api"
					],
					"path": [
						"auth",
						"signup"
					]
				}
			},
			"response": []
		},
		{
			"name": "signin",
			"event": [
				{
					"listen": "test",
					"script": {
						"exec": [
							"var jsonData = JSON.parse(responseBody);\r",
							"postman.setEnvironmentVariable(\"token\", \"Bearer \" + jsonData.accessToken);"
						],
						"type": "text/javascript"
					}
				}
			],
			"request": {
				"method": "POST",
				"header": [],
				"body": {
					"mode": "raw",
					"raw": "{\r\n    \"mobile\": \"9999999999\",\r\n    \"password\": \"123456\"\r\n}",
					"options": {
						"raw": {
							"language": "json"
						}
					}
				},
				"url": {
					"raw": "{{url}}api/auth/signin",
					"host": [
						"{{url}}api"
					],
					"path": [
						"auth",
						"signin"
					]
				}
			},
			"response": []
		},
		{
			"name": "product add",
			"request": {
				"method": "POST",
				"header": [
					{
						"key": "Authorization",
						"value": "Bearer 479a19e3-ef99-4143-a740-20250474318b",
						"type": "default"
					}
				],
				"body": {
					"mode": "formdata",
					"formdata": [
						{
							"key": "name",
							"value": "prod1",
							"type": "text"
						},
						{
							"key": "size",
							"value": "10",
							"type": "text"
						},
						{
							"key": "image",
							"value": "",
							"type": "text",
							"disabled": true
						},
						{
							"key": "colour",
							"value": "red",
							"type": "text"
						},
						{
							"key": "price",
							"value": "10",
							"type": "text"
						},
						{
							"key": "quantity",
							"value": "1",
							"type": "text"
						},
						{
							"key": "images",
							"type": "file",
							"src": "/C:/Users/Prakash Parmar/Desktop/test/JPG_Test.jpg"
						}
					],
					"options": {
						"raw": {
							"language": "json"
						}
					}
				},
				"url": {
					"raw": "{{url}}api/products",
					"host": [
						"{{url}}api"
					],
					"path": [
						"products"
					]
				}
			},
			"response": []
		},
		{
			"name": "product update",
			"request": {
				"method": "PUT",
				"header": [
					{
						"key": "Authorization",
						"value": "Bearer {{token}}",
						"type": "default"
					}
				],
				"body": {
					"mode": "raw",
					"raw": "{\r\n    \"name\": \"prod1111\",\r\n    \"size\": \"10\",\r\n    \"image\": \"img\",\r\n    \"colour\": \"red\",\r\n    \"price\": \"10\",\r\n    \"quantity\": \"1\"\r\n}",
					"options": {
						"raw": {
							"language": "json"
						}
					}
				},
				"url": {
					"raw": "{{url}}api/products/6406bc263f527d1eb4dffe9e",
					"host": [
						"{{url}}api"
					],
					"path": [
						"products",
						"6406bc263f527d1eb4dffe9e"
					]
				}
			},
			"response": []
		},
		{
			"name": "product delete",
			"request": {
				"method": "DELETE",
				"header": [
					{
						"key": "Authorization",
						"value": "Bearer {{token}}",
						"type": "default"
					}
				],
				"body": {
					"mode": "raw",
					"raw": "",
					"options": {
						"raw": {
							"language": "json"
						}
					}
				},
				"url": {
					"raw": "{{url}}api/products/6406bc263f527d1eb4dffe9e",
					"host": [
						"{{url}}api"
					],
					"path": [
						"products",
						"6406bc263f527d1eb4dffe9e"
					]
				}
			},
			"response": []
		},
		{
			"name": "product delete all",
			"request": {
				"method": "DELETE",
				"header": [
					{
						"key": "Authorization",
						"value": "Bearer {{token}}",
						"type": "default"
					}
				],
				"body": {
					"mode": "raw",
					"raw": "",
					"options": {
						"raw": {
							"language": "json"
						}
					}
				},
				"url": {
					"raw": "{{url}}api/products?",
					"host": [
						"{{url}}api"
					],
					"path": [
						"products"
					],
					"query": [
						{
							"key": "",
							"value": null
						}
					]
				}
			},
			"response": []
		},
		{
			"name": "product get",
			"protocolProfileBehavior": {
				"disableBodyPruning": true
			},
			"request": {
				"method": "GET",
				"header": [
					{
						"key": "Authorization",
						"value": "Bearer {{token}}",
						"type": "default"
					}
				],
				"body": {
					"mode": "raw",
					"raw": "",
					"options": {
						"raw": {
							"language": "json"
						}
					}
				},
				"url": {
					"raw": "{{url}}api/products?name=&page=1&size=5",
					"host": [
						"{{url}}api"
					],
					"path": [
						"products"
					],
					"query": [
						{
							"key": "name",
							"value": ""
						},
						{
							"key": "page",
							"value": "1"
						},
						{
							"key": "size",
							"value": "5"
						}
					]
				}
			},
			"response": []
		},
		{
			"name": "product get single",
			"protocolProfileBehavior": {
				"disableBodyPruning": true
			},
			"request": {
				"method": "GET",
				"header": [
					{
						"key": "Authorization",
						"value": "Bearer {{token}}",
						"type": "default"
					}
				],
				"body": {
					"mode": "raw",
					"raw": "",
					"options": {
						"raw": {
							"language": "json"
						}
					}
				},
				"url": {
					"raw": "{{url}}api/products/6406bc263f527d1eb4dffe9e",
					"host": [
						"{{url}}api"
					],
					"path": [
						"products",
						"6406bc263f527d1eb4dffe9e"
					]
				}
			},
			"response": []
		},
		{
			"name": "order add",
			"request": {
				"method": "POST",
				"header": [
					{
						"key": "Authorization",
						"value": "{{token}}",
						"type": "default"
					}
				],
				"body": {
					"mode": "raw",
					"raw": "{\r\n    \"orderDate\": \"10/10/2023\",\r\n    \"requiredDate\": \"10/10/2023\",\r\n    \"shippedDate\": \"10/10/2023\"\r\n}",
					"options": {
						"raw": {
							"language": "json"
						}
					}
				},
				"url": {
					"raw": "{{url}}api/orders",
					"host": [
						"{{url}}api"
					],
					"path": [
						"orders"
					]
				}
			},
			"response": []
		},
		{
			"name": "order update",
			"request": {
				"method": "PUT",
				"header": [
					{
						"key": "Authorization",
						"value": "Bearer {{token}}",
						"type": "default"
					}
				],
				"body": {
					"mode": "raw",
					"raw": "{\r\n    \"name\": \"prod1111\",\r\n    \"size\": \"10\",\r\n    \"image\": \"img\",\r\n    \"colour\": \"red\",\r\n    \"price\": \"10\",\r\n    \"quantity\": \"1\"\r\n}",
					"options": {
						"raw": {
							"language": "json"
						}
					}
				},
				"url": {
					"raw": "{{url}}api/orders/6406bc263f527d1eb4dffe9e",
					"host": [
						"{{url}}api"
					],
					"path": [
						"orders",
						"6406bc263f527d1eb4dffe9e"
					]
				}
			},
			"response": []
		},
		{
			"name": "order delete",
			"request": {
				"method": "DELETE",
				"header": [
					{
						"key": "Authorization",
						"value": "Bearer {{token}}",
						"type": "default"
					}
				],
				"body": {
					"mode": "raw",
					"raw": "",
					"options": {
						"raw": {
							"language": "json"
						}
					}
				},
				"url": {
					"raw": "{{url}}api/orders/6406bc263f527d1eb4dffe9e",
					"host": [
						"{{url}}api"
					],
					"path": [
						"orders",
						"6406bc263f527d1eb4dffe9e"
					]
				}
			},
			"response": []
		},
		{
			"name": "order delete all",
			"request": {
				"method": "DELETE",
				"header": [
					{
						"key": "Authorization",
						"value": "Bearer {{token}}",
						"type": "default"
					}
				],
				"body": {
					"mode": "raw",
					"raw": "",
					"options": {
						"raw": {
							"language": "json"
						}
					}
				},
				"url": {
					"raw": "{{url}}api/orders",
					"host": [
						"{{url}}api"
					],
					"path": [
						"orders"
					]
				}
			},
			"response": []
		},
		{
			"name": "order get",
			"protocolProfileBehavior": {
				"disableBodyPruning": true
			},
			"request": {
				"method": "GET",
				"header": [
					{
						"key": "Authorization",
						"value": "Bearer {{token}}",
						"type": "default"
					}
				],
				"body": {
					"mode": "raw",
					"raw": "",
					"options": {
						"raw": {
							"language": "json"
						}
					}
				},
				"url": {
					"raw": "{{url}}api/orders?name=&page=1&size=5",
					"host": [
						"{{url}}api"
					],
					"path": [
						"orders"
					],
					"query": [
						{
							"key": "name",
							"value": ""
						},
						{
							"key": "page",
							"value": "1"
						},
						{
							"key": "size",
							"value": "5"
						}
					]
				}
			},
			"response": []
		},
		{
			"name": "order get single",
			"protocolProfileBehavior": {
				"disableBodyPruning": true
			},
			"request": {
				"method": "GET",
				"header": [
					{
						"key": "Authorization",
						"value": "Bearer {{token}}",
						"type": "default"
					}
				],
				"body": {
					"mode": "raw",
					"raw": "",
					"options": {
						"raw": {
							"language": "json"
						}
					}
				},
				"url": {
					"raw": "{{url}}api/orders/6406bc263f527d1eb4dffe9e",
					"host": [
						"{{url}}api"
					],
					"path": [
						"orders",
						"6406bc263f527d1eb4dffe9e"
					]
				}
			},
			"response": []
		}
	]
}