{
	"id": "433848fc-2b82-4e0d-b1f7-11eeb5aeb253",
	"name": "Practical",
	"values": [
		{
			"key": "url",
			"value": "http://127.0.0.1:3000/",
			"type": "default",
			"enabled": true
		},
		{
			"key": "token",
			"value": "Bearer eyJhbGciOiJIUzI1NiIsInR5cCI6IkpXVCJ9.eyJpZCI6IjY0MDZiMzNkMTFhYThmNjAxMDNkN2Y3ZSIsImlhdCI6MTY3ODE2NTk3MCwiZXhwIjoxNjc4MTY2MDMwfQ.R17pwRCnyJWYWgHz7vxpdK10WsZ4K09v7x2n8Gke7io",
			"type": "default",
			"enabled": true
		}
	],
	"_postman_variable_scope": "environment",
	"_postman_exported_at": "2023-03-07T06:35:20.962Z",
	"_postman_exported_using": "Postman/10.11.1"
}