[{
  "_id": {
    "$oid": "6406cdfd1c72d25af8d8e31d"
  },
  "name": "prod1",
  "size": "10",
  "image": "img",
  "colour": "red",
  "price": "10",
  "quantity": "1",
  "__v": 0
},{
  "_id": {
    "$oid": "6406d08a24c5842a60b99342"
  },
  "__v": 0
},{
  "_id": {
    "$oid": "6406d14c753d7227b0f16a50"
  },
  "__v": 0
},{
  "_id": {
    "$oid": "6406d1aa1d5e8a56402da2d0"
  },
  "__v": 0
},{
  "_id": {
    "$oid": "6406d1ce737fd93404f5441a"
  },
  "__v": 0
},{
  "_id": {
    "$oid": "6406d6731b25395540390e81"
  },
  "name": "prod1",
  "size": "10",
  "colour": "red",
  "price": "10",
  "quantity": "1",
  "__v": 0
},{
  "_id": {
    "$oid": "6406d688de134568204b1163"
  },
  "name": "prod1",
  "size": "10",
  "colour": "red",
  "price": "10",
  "quantity": "1",
  "__v": 0
},{
  "_id": {
    "$oid": "6406d69341d87424505d4ffd"
  },
  "name": "prod1",
  "size": "10",
  "colour": "red",
  "price": "10",
  "quantity": "1",
  "__v": 0
},{
  "_id": {
    "$oid": "6406d6b357f8016a680eef33"
  },
  "name": "prod1",
  "size": "10",
  "colour": "red",
  "price": "10",
  "quantity": "1",
  "__v": 0
},{
  "_id": {
    "$oid": "6406d6dde26bf71dd0466377"
  },
  "name": "prod1",
  "size": "10",
  "colour": "red",
  "price": "10",
  "quantity": "1",
  "__v": 0
},{
  "_id": {
    "$oid": "6406d738c558cb65d0c86302"
  },
  "name": "prod1",
  "size": "10",
  "colour": "red",
  "price": "10",
  "quantity": "1",
  "__v": 0
},{
  "_id": {
    "$oid": "6406d77f166b88673465c9f6"
  },
  "name": "prod1",
  "size": "10",
  "colour": "red",
  "price": "10",
  "quantity": "1",
  "__v": 0
}]